name,type,path
README.md,File,README.md
CHANGELOG.md,File,CHANGELOG.md
LinkedIn,Module,LinkedIn.md
LinkedIn::MemberData,Module,LinkedIn/MemberData.md
LinkedIn::MemberData.EVENT_KEYS,Constant,LinkedIn/MemberData.md#constant-EVENT_KEYS
LinkedIn::MemberData.VERSION,Constant,LinkedIn/MemberData.md#constant-VERSION
LinkedIn::MemberData::Util,Module,LinkedIn/MemberData/Util.md
LinkedIn::MemberData::Util.epoch_ms,Method,LinkedIn/MemberData/Util.md#method-c-epoch_ms
LinkedIn::MemberData::Util.time_from_ms,Method,LinkedIn/MemberData/Util.md#method-c-time_from_ms
LinkedIn::MemberData::Domains,Module,LinkedIn/MemberData/Domains.md
LinkedIn::MemberData::Domains.ALL,Constant,LinkedIn/MemberData/Domains.md#constant-ALL
LinkedIn::MemberData::Domains.normalize,Method,LinkedIn/MemberData/Domains.md#method-c-normalize
LinkedIn::MemberData::CLI,Class,LinkedIn/MemberData/CLI.md
LinkedIn::MemberData::CLI.COMMANDS,Constant,LinkedIn/MemberData/CLI.md#constant-COMMANDS
LinkedIn::MemberData::CLI.DEFAULT_CLIENT_FACTORY,Constant,LinkedIn/MemberData/CLI.md#constant-DEFAULT_CLIENT_FACTORY
LinkedIn::MemberData::CLI.USAGE,Constant,LinkedIn/MemberData/CLI.md#constant-USAGE
LinkedIn::MemberData::CLI.initialize,Method,LinkedIn/MemberData/CLI.md#method-i-initialize
LinkedIn::MemberData::CLI.run,Method,LinkedIn/MemberData/CLI.md#method-i-run
LinkedIn::MemberData::Event,Class,LinkedIn/MemberData/Event.md
LinkedIn::MemberData::Event.processed_at_ms,Method,LinkedIn/MemberData/Event.md#method-i-processed_at_ms
LinkedIn::MemberData::Event.from_api,Method,LinkedIn/MemberData/Event.md#method-c-from_api
LinkedIn::MemberData::Event.activity,Attribute,LinkedIn/MemberData/Event.md#attribute-i-activity
LinkedIn::MemberData::Event.activity_id,Attribute,LinkedIn/MemberData/Event.md#attribute-i-activity_id
LinkedIn::MemberData::Event.activity_status,Attribute,LinkedIn/MemberData/Event.md#attribute-i-activity_status
LinkedIn::MemberData::Event.actor,Attribute,LinkedIn/MemberData/Event.md#attribute-i-actor
LinkedIn::MemberData::Event.captured_at,Attribute,LinkedIn/MemberData/Event.md#attribute-i-captured_at
LinkedIn::MemberData::Event.config_version,Attribute,LinkedIn/MemberData/Event.md#attribute-i-config_version
LinkedIn::MemberData::Event.id,Attribute,LinkedIn/MemberData/Event.md#attribute-i-id
LinkedIn::MemberData::Event.method,Attribute,LinkedIn/MemberData/Event.md#attribute-i-method
LinkedIn::MemberData::Event.method_name,Attribute,LinkedIn/MemberData/Event.md#attribute-i-method_name
LinkedIn::MemberData::Event.owner,Attribute,LinkedIn/MemberData/Event.md#attribute-i-owner
LinkedIn::MemberData::Event.parent_sibling_activities,Attribute,LinkedIn/MemberData/Event.md#attribute-i-parent_sibling_activities
LinkedIn::MemberData::Event.processed_activity,Attribute,LinkedIn/MemberData/Event.md#attribute-i-processed_activity
LinkedIn::MemberData::Event.processed_at,Attribute,LinkedIn/MemberData/Event.md#attribute-i-processed_at
LinkedIn::MemberData::Event.raw,Attribute,LinkedIn/MemberData/Event.md#attribute-i-raw
LinkedIn::MemberData::Event.resource_id,Attribute,LinkedIn/MemberData/Event.md#attribute-i-resource_id
LinkedIn::MemberData::Event.resource_name,Attribute,LinkedIn/MemberData/Event.md#attribute-i-resource_name
LinkedIn::MemberData::Event.resource_uri,Attribute,LinkedIn/MemberData/Event.md#attribute-i-resource_uri
LinkedIn::MemberData::Event.sibling_activities,Attribute,LinkedIn/MemberData/Event.md#attribute-i-sibling_activities
LinkedIn::MemberData::Client,Class,LinkedIn/MemberData/Client.md
LinkedIn::MemberData::Client.AUTHORIZATIONS_PATH,Constant,LinkedIn/MemberData/Client.md#constant-AUTHORIZATIONS_PATH
LinkedIn::MemberData::Client.authorization,Method,LinkedIn/MemberData/Client.md#method-i-authorization
LinkedIn::MemberData::Client.changelog,Method,LinkedIn/MemberData/Client.md#method-i-changelog
LinkedIn::MemberData::Client.enable_changelog!,Method,LinkedIn/MemberData/Client.md#method-i-enable_changelog-21
LinkedIn::MemberData::Client.initialize,Method,LinkedIn/MemberData/Client.md#method-i-initialize
LinkedIn::MemberData::Client.snapshot,Method,LinkedIn/MemberData/Client.md#method-i-snapshot
LinkedIn::MemberData::Client.connection,Attribute,LinkedIn/MemberData/Client.md#attribute-i-connection
LinkedIn::MemberData::Error,Class,LinkedIn/MemberData/Error.md
LinkedIn::MemberData::ConfigurationError,Class,LinkedIn/MemberData/ConfigurationError.md
LinkedIn::MemberData::ConnectionError,Class,LinkedIn/MemberData/ConnectionError.md
LinkedIn::MemberData::ConnectionError.retry_after,Method,LinkedIn/MemberData/ConnectionError.md#method-i-retry_after
LinkedIn::MemberData::ConnectionError.retryable?,Method,LinkedIn/MemberData/ConnectionError.md#method-i-retryable-3F
LinkedIn::MemberData::ApiError,Class,LinkedIn/MemberData/ApiError.md
LinkedIn::MemberData::ApiError.STATUS_CLASSES,Constant,LinkedIn/MemberData/ApiError.md#constant-STATUS_CLASSES
LinkedIn::MemberData::ApiError.initialize,Method,LinkedIn/MemberData/ApiError.md#method-i-initialize
LinkedIn::MemberData::ApiError.retry_after,Method,LinkedIn/MemberData/ApiError.md#method-i-retry_after
LinkedIn::MemberData::ApiError.retryable?,Method,LinkedIn/MemberData/ApiError.md#method-i-retryable-3F
LinkedIn::MemberData::ApiError.extra_options,Method,LinkedIn/MemberData/ApiError.md#method-c-extra_options
LinkedIn::MemberData::ApiError.from_response,Method,LinkedIn/MemberData/ApiError.md#method-c-from_response
LinkedIn::MemberData::ApiError.body,Attribute,LinkedIn/MemberData/ApiError.md#attribute-i-body
LinkedIn::MemberData::ApiError.code,Attribute,LinkedIn/MemberData/ApiError.md#attribute-i-code
LinkedIn::MemberData::ApiError.status,Attribute,LinkedIn/MemberData/ApiError.md#attribute-i-status
LinkedIn::MemberData::Unauthorized,Class,LinkedIn/MemberData/Unauthorized.md
LinkedIn::MemberData::Forbidden,Class,LinkedIn/MemberData/Forbidden.md
LinkedIn::MemberData::NotFound,Class,LinkedIn/MemberData/NotFound.md
LinkedIn::MemberData::VersionError,Class,LinkedIn/MemberData/VersionError.md
LinkedIn::MemberData::RateLimited,Class,LinkedIn/MemberData/RateLimited.md
LinkedIn::MemberData::RateLimited.initialize,Method,LinkedIn/MemberData/RateLimited.md#method-i-initialize
LinkedIn::MemberData::RateLimited.retryable?,Method,LinkedIn/MemberData/RateLimited.md#method-i-retryable-3F
LinkedIn::MemberData::RateLimited.extra_options,Method,LinkedIn/MemberData/RateLimited.md#method-c-extra_options
LinkedIn::MemberData::RateLimited.retry_after_from,Method,LinkedIn/MemberData/RateLimited.md#method-c-retry_after_from
LinkedIn::MemberData::RateLimited.retry_after,Attribute,LinkedIn/MemberData/RateLimited.md#attribute-i-retry_after
LinkedIn::MemberData::ServerError,Class,LinkedIn/MemberData/ServerError.md
LinkedIn::MemberData::ServerError.retryable?,Method,LinkedIn/MemberData/ServerError.md#method-i-retryable-3F
LinkedIn::MemberData::Snapshot,Class,LinkedIn/MemberData/Snapshot.md
LinkedIn::MemberData::Snapshot.PATH,Constant,LinkedIn/MemberData/Snapshot.md#constant-PATH
LinkedIn::MemberData::Snapshot.NO_DATA_MESSAGE,Constant,LinkedIn/MemberData/Snapshot.md#constant-NO_DATA_MESSAGE
LinkedIn::MemberData::Snapshot.each,Method,LinkedIn/MemberData/Snapshot.md#method-i-each
LinkedIn::MemberData::Snapshot.initialize,Method,LinkedIn/MemberData/Snapshot.md#method-i-initialize
LinkedIn::MemberData::Snapshot.page,Method,LinkedIn/MemberData/Snapshot.md#method-i-page
LinkedIn::MemberData::Snapshot.pages,Method,LinkedIn/MemberData/Snapshot.md#method-i-pages
LinkedIn::MemberData::Snapshot.domain,Attribute,LinkedIn/MemberData/Snapshot.md#attribute-i-domain
LinkedIn::MemberData::Changelog,Class,LinkedIn/MemberData/Changelog.md
LinkedIn::MemberData::Changelog.PATH,Constant,LinkedIn/MemberData/Changelog.md#constant-PATH
LinkedIn::MemberData::Changelog.COUNT_RANGE,Constant,LinkedIn/MemberData/Changelog.md#constant-COUNT_RANGE
LinkedIn::MemberData::Changelog.DEFAULT_COUNT,Constant,LinkedIn/MemberData/Changelog.md#constant-DEFAULT_COUNT
LinkedIn::MemberData::Changelog.each,Method,LinkedIn/MemberData/Changelog.md#method-i-each
LinkedIn::MemberData::Changelog.initialize,Method,LinkedIn/MemberData/Changelog.md#method-i-initialize
LinkedIn::MemberData::Changelog.page,Method,LinkedIn/MemberData/Changelog.md#method-i-page
LinkedIn::MemberData::Changelog.pages,Method,LinkedIn/MemberData/Changelog.md#method-i-pages
LinkedIn::MemberData::Changelog.count,Attribute,LinkedIn/MemberData/Changelog.md#attribute-i-count
LinkedIn::MemberData::Changelog.since,Attribute,LinkedIn/MemberData/Changelog.md#attribute-i-since
LinkedIn::MemberData::Connection,Class,LinkedIn/MemberData/Connection.md
LinkedIn::MemberData::Connection.BASE_URL,Constant,LinkedIn/MemberData/Connection.md#constant-BASE_URL
LinkedIn::MemberData::Connection.API_VERSION,Constant,LinkedIn/MemberData/Connection.md#constant-API_VERSION
LinkedIn::MemberData::Connection.RETRYABLE_EXCEPTIONS,Constant,LinkedIn/MemberData/Connection.md#constant-RETRYABLE_EXCEPTIONS
LinkedIn::MemberData::Connection.MAX_RETRY_AFTER,Constant,LinkedIn/MemberData/Connection.md#constant-MAX_RETRY_AFTER
LinkedIn::MemberData::Connection.HEADERS,Constant,LinkedIn/MemberData/Connection.md#constant-HEADERS
LinkedIn::MemberData::Connection.get,Method,LinkedIn/MemberData/Connection.md#method-i-get
LinkedIn::MemberData::Connection.initialize,Method,LinkedIn/MemberData/Connection.md#method-i-initialize
LinkedIn::MemberData::Connection.inspect,Method,LinkedIn/MemberData/Connection.md#method-i-inspect
LinkedIn::MemberData::Connection.post,Method,LinkedIn/MemberData/Connection.md#method-i-post
LinkedIn::MemberData::Connection::NetHttpTransport,Class,LinkedIn/MemberData/Connection/NetHttpTransport.md
LinkedIn::MemberData::Connection::NetHttpTransport.call,Method,LinkedIn/MemberData/Connection/NetHttpTransport.md#method-i-call
LinkedIn::MemberData::Connection::NetHttpTransport.initialize,Method,LinkedIn/MemberData/Connection/NetHttpTransport.md#method-i-initialize
LinkedIn::MemberData::CLI::Command,Class,LinkedIn/MemberData/CLI/Command.md
LinkedIn::MemberData::CLI::Command.OPTIONS,Constant,LinkedIn/MemberData/CLI/Command.md#constant-OPTIONS
LinkedIn::MemberData::CLI::Command.MAX_ARGUMENTS,Constant,LinkedIn/MemberData/CLI/Command.md#constant-MAX_ARGUMENTS
LinkedIn::MemberData::CLI::Command.initialize,Method,LinkedIn/MemberData/CLI/Command.md#method-i-initialize
LinkedIn::MemberData::CLI::Command.run,Method,LinkedIn/MemberData/CLI/Command.md#method-i-run
LinkedIn::MemberData::CLI::UsageError,Class,LinkedIn/MemberData/CLI/UsageError.md
LinkedIn::MemberData::CLI::Output,Class,LinkedIn/MemberData/CLI/Output.md
LinkedIn::MemberData::CLI::Output.error,Method,LinkedIn/MemberData/CLI/Output.md#method-i-error
LinkedIn::MemberData::CLI::Output.initialize,Method,LinkedIn/MemberData/CLI/Output.md#method-i-initialize
LinkedIn::MemberData::CLI::Output.line,Method,LinkedIn/MemberData/CLI/Output.md#method-i-line
LinkedIn::MemberData::CLI::Output.write,Method,LinkedIn/MemberData/CLI/Output.md#method-i-write
LinkedIn::MemberData::CLI::Context,Class,LinkedIn/MemberData/CLI/Context.md
LinkedIn::MemberData::CLI::Context.TOKEN_ENV,Constant,LinkedIn/MemberData/CLI/Context.md#constant-TOKEN_ENV
LinkedIn::MemberData::CLI::Context.client,Method,LinkedIn/MemberData/CLI/Context.md#method-i-client
LinkedIn::MemberData::CLI::Context.initialize,Method,LinkedIn/MemberData/CLI/Context.md#method-i-initialize
LinkedIn::MemberData::CLI::Context.use_token,Method,LinkedIn/MemberData/CLI/Context.md#method-i-use_token
LinkedIn::MemberData::CLI::Context.output,Attribute,LinkedIn/MemberData/CLI/Context.md#attribute-i-output
LinkedIn::MemberData::Authorization,Class,LinkedIn/MemberData/Authorization.md
LinkedIn::MemberData::Authorization.from_api,Method,LinkedIn/MemberData/Authorization.md#method-c-from_api
LinkedIn::MemberData::Authorization.developer_application,Attribute,LinkedIn/MemberData/Authorization.md#attribute-i-developer_application
LinkedIn::MemberData::Authorization.member,Attribute,LinkedIn/MemberData/Authorization.md#attribute-i-member
LinkedIn::MemberData::Authorization.raw,Attribute,LinkedIn/MemberData/Authorization.md#attribute-i-raw
LinkedIn::MemberData::Authorization.regulated_at,Attribute,LinkedIn/MemberData/Authorization.md#attribute-i-regulated_at
LinkedIn::MemberData::Authorization.scopes,Attribute,LinkedIn/MemberData/Authorization.md#attribute-i-scopes
LinkedIn::MemberData::Snapshot::Page,Class,LinkedIn/MemberData/Snapshot/Page.md
LinkedIn::MemberData::Snapshot::Page.next?,Method,LinkedIn/MemberData/Snapshot/Page.md#method-i-next-3F
LinkedIn::MemberData::Snapshot::Page.from_api,Method,LinkedIn/MemberData/Snapshot/Page.md#method-c-from_api
LinkedIn::MemberData::Snapshot::Page.count,Attribute,LinkedIn/MemberData/Snapshot/Page.md#attribute-i-count
LinkedIn::MemberData::Snapshot::Page.domain,Attribute,LinkedIn/MemberData/Snapshot/Page.md#attribute-i-domain
LinkedIn::MemberData::Snapshot::Page.has_next,Attribute,LinkedIn/MemberData/Snapshot/Page.md#attribute-i-has_next
LinkedIn::MemberData::Snapshot::Page.raw,Attribute,LinkedIn/MemberData/Snapshot/Page.md#attribute-i-raw
LinkedIn::MemberData::Snapshot::Page.rows,Attribute,LinkedIn/MemberData/Snapshot/Page.md#attribute-i-rows
LinkedIn::MemberData::Snapshot::Page.start,Attribute,LinkedIn/MemberData/Snapshot/Page.md#attribute-i-start
LinkedIn::MemberData::Snapshot::Page.total,Attribute,LinkedIn/MemberData/Snapshot/Page.md#attribute-i-total
LinkedIn::MemberData::Changelog::Page,Class,LinkedIn/MemberData/Changelog/Page.md
LinkedIn::MemberData::Changelog::Page.next_start_time,Method,LinkedIn/MemberData/Changelog/Page.md#method-i-next_start_time
LinkedIn::MemberData::Changelog::Page.from_api,Method,LinkedIn/MemberData/Changelog/Page.md#method-c-from_api
LinkedIn::MemberData::Changelog::Page.events,Attribute,LinkedIn/MemberData/Changelog/Page.md#attribute-i-events
LinkedIn::MemberData::Changelog::Page.raw,Attribute,LinkedIn/MemberData/Changelog/Page.md#attribute-i-raw
LinkedIn::MemberData::CLI::SinceParser,Class,LinkedIn/MemberData/CLI/SinceParser.md
LinkedIn::MemberData::CLI::SinceParser.call,Method,LinkedIn/MemberData/CLI/SinceParser.md#method-c-call
LinkedIn::MemberData::CLI::GlobalOptions,Class,LinkedIn/MemberData/CLI/GlobalOptions.md
LinkedIn::MemberData::CLI::GlobalOptions.parse,Method,LinkedIn/MemberData/CLI/GlobalOptions.md#method-c-parse
LinkedIn::MemberData::CLI::VersionCommand,Class,LinkedIn/MemberData/CLI/VersionCommand.md
LinkedIn::MemberData::CLI::DomainsCommand,Class,LinkedIn/MemberData/CLI/DomainsCommand.md
LinkedIn::MemberData::CLI::AuthCommand,Class,LinkedIn/MemberData/CLI/AuthCommand.md
LinkedIn::MemberData::CLI::SnapshotCommand,Class,LinkedIn/MemberData/CLI/SnapshotCommand.md
LinkedIn::MemberData::CLI::SnapshotCommand.OPTIONS,Constant,LinkedIn/MemberData/CLI/SnapshotCommand.md#constant-OPTIONS
LinkedIn::MemberData::CLI::SnapshotCommand.MAX_ARGUMENTS,Constant,LinkedIn/MemberData/CLI/SnapshotCommand.md#constant-MAX_ARGUMENTS
LinkedIn::MemberData::CLI::ChangelogCommand,Class,LinkedIn/MemberData/CLI/ChangelogCommand.md
LinkedIn::MemberData::CLI::ChangelogCommand.OPTIONS,Constant,LinkedIn/MemberData/CLI/ChangelogCommand.md#constant-OPTIONS
